Const,Your Rating,Date Rated,Title,Original Title,URL,Title Type,IMDb Rating,Runtime (mins),Year,Genres,Num Votes,Release Date,Directors
tt2503944,2,2026-05-03,"Burnt","Burnt",https://www.imdb.com/title/tt2503944,Movie,6.6,101,2015,"Comedy, Drama",142691,"2015-10-30","John Wells"
tt0449487,3,2026-05-03,"Passengers","Passengers",https://www.imdb.com/title/tt0449487,Movie,5.8,93,2008,"Thriller, Romance, Mystery",41253,"2008-09-26","Rodrigo García"
tt2495980,1,2026-05-03,"It's a Fairy!","É Fada!",https://www.imdb.com/title/tt2495980,Movie,2.3,86,2016,"Comedy, Family, Fantasy",2875,"2016-10-06","Cris D'Amato"
tt0344854,3,2026-05-03,"Arthur and the Invisibles","Arthur et les Minimoys",https://www.imdb.com/title/tt0344854,Movie,6.0,94,2006,"Animation, Adventure, Comedy, Family, Fantasy",44470,"2007-01-12","Luc Besson"
tt0426592,2,2026-05-03,"Superhero Movie","Superhero Movie",https://www.imdb.com/title/tt0426592,Movie,4.8,75,2008,"Action, Comedy, Sci-Fi",84254,"2008-03-28","Craig Mazin"
tt15823456,7,2026-05-03,"Empire Waist","Empire Waist",https://www.imdb.com/title/tt15823456,Movie,6.3,97,2024,"Comedy, Drama",650,"2024-09-27","Claire Ayoub"
tt33612209,7,2026-05-02,"The Devil Wears Prada 2","The Devil Wears Prada 2",https://www.imdb.com/title/tt33612209,Movie,6.8,119,2026,"Comedy, Drama",27539,"2026-05-01","David Frankel"
tt1355644,6,2026-05-02,"Passengers","Passengers",https://www.imdb.com/title/tt1355644,Movie,7.0,116,2016,"Sci-Fi, Drama, Thriller, Romance",496501,"2016-12-21","Morten Tyldum"
tt0408985,9,2026-04-27,"Last Holiday","Last Holiday",https://www.imdb.com/title/tt0408985,Movie,6.6,112,2006,"Comedy, Romance, Drama",42775,"2006-01-13","Wayne Wang"
tt0388500,6,2026-04-27,"Beauty Shop","Beauty Shop",https://www.imdb.com/title/tt0388500,Movie,5.7,105,2005,"Comedy",20462,"2005-03-30","Bille Woodruff"
tt0951216,8,2026-04-27,"Mad Money","Mad Money",https://www.imdb.com/title/tt0951216,Movie,5.9,104,2008,"Comedy, Crime, Thriller",24341,"2008-01-18","Callie Khouri"
tt1426363,1,2026-04-27,"Hair Brained","HairBrained",https://www.imdb.com/title/tt1426363,Movie,5.4,97,2013,"Comedy, Drama, Fantasy",2452,"2013-05-31","Billy Kent"
tt0112130,7,2026-04-26,"Pride and Prejudice","Pride and Prejudice",https://www.imdb.com/title/tt0112130,TV Mini Series,8.8,50,1995,"Drama, Romance",103417,"1996-01-14",
tt3281548,10,2026-04-26,"Little Women","Little Women",https://www.imdb.com/title/tt3281548,Movie,7.8,135,2019,"Drama, Romance",284043,"2019-12-25","Greta Gerwig"
tt4520988,8,2026-04-26,"Frozen II","Frozen II",https://www.imdb.com/title/tt4520988,Movie,6.8,103,2019,"Animation, Musical, Adventure, Comedy, Family, Fantasy, Drama",218993,"2019-11-22","Chris Buck,Jennifer Lee"
tt0461770,6,2026-04-26,"Enchanted","Enchanted",https://www.imdb.com/title/tt0461770,Movie,7.1,107,2007,"Animation, Musical, Fantasy, Romance, Adventure, Family, Comedy",229543,"2007-11-21","Kevin Lima"
tt0454921,8,2026-04-26,"The Pursuit of Happyness","The Pursuit of Happyness",https://www.imdb.com/title/tt0454921,Movie,8.0,117,2006,"Drama, Biography",620946,"2006-12-15","Gabriele Muccino"
tt2505294,6,2026-04-26,"Ask Me Anything","Ask Me Anything",https://www.imdb.com/title/tt2505294,Movie,6.0,100,2014,"Drama, Comedy, Mystery, Romance",13585,"2014-12-19","Allison Burnett"
tt1454468,5,2026-04-26,"Gravity","Gravity",https://www.imdb.com/title/tt1454468,Movie,7.7,91,2013,"Sci-Fi, Thriller, Drama",899926,"2013-10-04","Alfonso Cuarón"
tt0119217,7,2026-04-26,"Good Will Hunting","Good Will Hunting",https://www.imdb.com/title/tt0119217,Movie,8.4,126,1997,"Romance, Drama",1216194,"1998-01-09","Gus Van Sant"
tt0281358,7,2026-04-25,"A Walk to Remember","A Walk to Remember",https://www.imdb.com/title/tt0281358,Movie,7.3,101,2002,"Romance, Drama",231223,"2002-01-25","Adam Shankman"
tt1294226,6,2026-04-25,"The Last Song","The Last Song",https://www.imdb.com/title/tt1294226,Movie,6.0,107,2010,"Drama, Romance, Music",96039,"2010-03-31","Julie Anne Robinson"
tt1606389,6,2026-04-25,"The Vow","The Vow",https://www.imdb.com/title/tt1606389,Movie,6.8,104,2012,"Drama, Romance",213889,"2012-02-10","Michael Sucsy"
tt2275885,5,2026-04-25,"O Diário de Tati","O Diário de Tati",https://www.imdb.com/title/tt2275885,Movie,4.6,90,2012,"Comedy, Family",212,"2012-08-24","Mauro Farias"
tt32375562,5,2026-04-25,"South Park: The End of Obesity","South Park: The End of Obesity",https://www.imdb.com/title/tt32375562,TV Special,7.1,50,2024,"Animation, Comedy, Crime",9584,"2024-05-24","Trey Parker"
tt1700841,1,2026-04-25,"Sausage Party","Sausage Party",https://www.imdb.com/title/tt1700841,Movie,6.1,89,2016,"Animation, Comedy, Adventure, Fantasy",226903,"2016-08-12","Greg Tiernan,Conrad Vernon"
tt0467406,3,2026-04-25,"Juno","Juno",https://www.imdb.com/title/tt0467406,Movie,7.4,96,2007,"Comedy, Drama",572352,"2007-12-25","Jason Reitman"
tt0449059,9,2026-04-25,"Little Miss Sunshine","Little Miss Sunshine",https://www.imdb.com/title/tt0449059,Movie,7.8,101,2006,"Comedy, Drama",558141,"2006-08-18","Jonathan Dayton,Valerie Faris"
tt0446029,6,2026-04-25,"Scott Pilgrim vs. the World","Scott Pilgrim vs. the World",https://www.imdb.com/title/tt0446029,Movie,7.5,112,2010,"Action, Comedy, Romance, Fantasy",496537,"2010-08-13","Edgar Wright"
tt1095174,5,2026-04-25,"New in Town","New in Town",https://www.imdb.com/title/tt1095174,Movie,5.7,97,2009,"Comedy, Romance",26447,"2009-01-30","Jonas Elmer"
tt0370904,2,2026-04-25,"Lucky 7","Lucky 7",https://www.imdb.com/title/tt0370904,TV Movie,6.6,95,2003,"Romance, Comedy",3277,"2003-07-20","Harry Winer"
tt0099785,4,2026-04-25,"Home Alone","Home Alone",https://www.imdb.com/title/tt0099785,Movie,7.8,103,1990,"Comedy, Family",744231,"1990-11-16","Chris Columbus"
tt2771200,5,2026-04-25,"Beauty and the Beast","Beauty and the Beast",https://www.imdb.com/title/tt2771200,Movie,7.1,129,2017,"Musical, Fantasy, Romance, Family, Adventure",358604,"2017-03-17","Bill Condon"
tt0822832,5,2026-04-25,"Marley & Me","Marley & Me",https://www.imdb.com/title/tt0822832,Movie,7.0,115,2008,"Drama, Family",175643,"2008-12-25","David Frankel"
tt2543472,8,2026-04-25,"Wonder","Wonder",https://www.imdb.com/title/tt2543472,Movie,7.9,113,2017,"Drama, Family",196708,"2017-11-17","Stephen Chbosky"
tt0758752,2,2026-04-24,"Love & Other Drugs","Love & Other Drugs",https://www.imdb.com/title/tt0758752,Movie,6.7,112,2010,"Drama, Comedy, Romance",251702,"2010-11-24","Edward Zwick"
tt1200263,5,2026-04-24,"The Color Purple","The Color Purple",https://www.imdb.com/title/tt1200263,Movie,6.8,141,2023,"Musical, Drama",20480,"2023-12-25","Blitz Bazawule"
tt0088939,5,2026-04-24,"The Color Purple","The Color Purple",https://www.imdb.com/title/tt0088939,Movie,7.7,154,1985,"Drama",104161,"1986-02-07","Steven Spielberg"
tt1229822,2,2026-04-24,"Jane Eyre","Jane Eyre",https://www.imdb.com/title/tt1229822,Movie,7.3,120,2011,"Drama, Romance, Mystery",97714,"2011-04-22","Cary Joji Fukunaga"
tt0962736,7,2026-04-24,"The Young Victoria","The Young Victoria",https://www.imdb.com/title/tt0962736,Movie,7.2,105,2009,"Drama, History, Romance, Biography",69198,"2010-01-08","Jean-Marc Vallée"
tt0179116,1,2026-04-24,"But I'm a Cheerleader","But I'm a Cheerleader",https://www.imdb.com/title/tt0179116,Movie,6.9,85,1999,"Drama, Romance, Comedy",51391,"2000-08-11","Jamie Babbit"
tt0088128,5,2026-04-24,"Sixteen Candles","Sixteen Candles",https://www.imdb.com/title/tt0088128,Movie,7.0,93,1984,"Romance, Comedy",135425,"1984-05-04","John Hughes"
tt0112697,7,2026-04-24,"Clueless","Clueless",https://www.imdb.com/title/tt0112697,Movie,6.9,97,1995,"Romance, Comedy",277635,"1995-07-19","Amy Heckerling"
tt0091042,2,2026-04-24,"Ferris Bueller's Day Off","Ferris Bueller's Day Off",https://www.imdb.com/title/tt0091042,Movie,7.8,103,1986,"Comedy",415852,"1986-06-11","John Hughes"
tt0088847,6,2026-04-24,"The Breakfast Club","The Breakfast Club",https://www.imdb.com/title/tt0088847,Movie,7.8,97,1985,"Comedy, Drama",472502,"1985-02-15","John Hughes"
tt14883538,1,2026-04-24,"Arco","Arco",https://www.imdb.com/title/tt14883538,Movie,7.3,88,2025,"Animation, Sci-Fi, Fantasy, Adventure",6813,"2025-11-14","Ugo Bienvenu"
tt3907584,1,2026-04-24,"All the Bright Places","All the Bright Places",https://www.imdb.com/title/tt3907584,Movie,6.6,107,2020,"Drama, Romance",44704,"2020-02-28","Brett Haley"
tt37540875,1,2026-04-24,"Roommates","Roommates",https://www.imdb.com/title/tt37540875,Movie,5.6,107,2026,"Comedy",6413,"2026-04-17","Chandler Levack"
tt1921043,3,2026-04-23,"The Clown","O Palhaço",https://www.imdb.com/title/tt1921043,Movie,7.2,88,2011,"Drama, Comedy",6075,"2011-10-28","Selton Mello"
tt1727388,5,2026-04-23,"The Way Way Back","The Way, Way Back",https://www.imdb.com/title/tt1727388,Movie,7.4,103,2013,"Comedy, Drama",163929,"2013-07-26","Nat Faxon,Jim Rash"
tt27517632,1,2026-04-23,"Benefits with Friends","Amor da Minha Vida",https://www.imdb.com/title/tt27517632,TV Series,6.9,40,2024,"Romance, Comedy, Drama",689,"2025-02-12",
tt2172954,8,2026-04-23,"The Life List","The Life List",https://www.imdb.com/title/tt2172954,Movie,6.8,123,2025,"Drama, Comedy, Romance",40434,"2025-03-28","Adam Brooks"
tt10714856,2,2026-04-23,"Feel the Beat","Feel the Beat",https://www.imdb.com/title/tt10714856,Movie,6.3,109,2020,"Drama, Comedy, Family",15253,"2020-06-19","Elissa Down"
tt4614584,7,2026-04-23,"Purple Hearts","Purple Hearts",https://www.imdb.com/title/tt4614584,Movie,6.7,122,2022,"Drama, Romance, Music",71477,"2022-07-29","Elizabeth Allen Rosenbaum"
tt0988595,5,2026-04-23,"27 Dresses","27 Dresses",https://www.imdb.com/title/tt0988595,Movie,6.1,111,2008,"Comedy, Romance",189984,"2008-01-18","Anne Fletcher"
tt26047818,1,2026-04-23,"Anyone But You","Anyone But You",https://www.imdb.com/title/tt26047818,Movie,6.1,103,2023,"Comedy, Romance",172972,"2023-12-22","Will Gluck"
tt1022603,2,2026-04-23,"500 Days of Summer","(500) Days of Summer",https://www.imdb.com/title/tt1022603,Movie,7.6,95,2009,"Comedy, Drama, Romance",618251,"2009-08-07","Marc Webb"
tt10048342,6,2026-04-23,"The Queen's Gambit","The Queen's Gambit",https://www.imdb.com/title/tt10048342,TV Mini Series,8.5,60,2020,"Drama",662848,"2020-10-23",
tt2582802,9,2026-04-23,"Whiplash","Whiplash",https://www.imdb.com/title/tt2582802,Movie,8.5,106,2014,"Drama, Music",1153789,"2014-10-15","Damien Chazelle"
tt31806037,4,2026-04-23,"Adolescence","Adolescence",https://www.imdb.com/title/tt31806037,TV Mini Series,8.1,60,2025,"Crime, Drama, Thriller",303820,"2025-03-13",
tt0795421,9,2026-04-23,"Mamma Mia!","Mamma Mia!",https://www.imdb.com/title/tt0795421,Movie,6.5,108,2008,"Musical, Comedy, Romance",305330,"2008-07-18","Phyllida Lloyd"
tt3228774,5,2026-04-23,"Cruella","Cruella",https://www.imdb.com/title/tt3228774,Movie,7.3,134,2021,"Comedy, Crime, Drama, Adventure",296193,"2021-05-28","Craig Gillespie"
tt3846674,2,2026-04-23,"To All the Boys I've Loved Before","To All the Boys I've Loved Before",https://www.imdb.com/title/tt3846674,Movie,7.0,99,2018,"Drama, Romance, Comedy",140140,"2018-08-17","Susan Johnson"
tt0337563,7,2026-04-23,"13 Going on 30","13 Going on 30",https://www.imdb.com/title/tt0337563,Movie,6.3,98,2004,"Comedy, Fantasy, Romance",247534,"2004-04-23","Gary Winick"
tt0250494,8,2026-04-23,"Legally Blonde","Legally Blonde",https://www.imdb.com/title/tt0250494,Movie,6.5,96,2001,"Romance, Comedy",284786,"2001-07-13","Robert Luketic"
tt1041829,1,2026-04-23,"The Proposal","The Proposal",https://www.imdb.com/title/tt1041829,Movie,6.8,108,2009,"Comedy, Romance, Drama",396851,"2009-06-19","Anne Fletcher"
tt1638002,9,2026-04-23,"Love, Rosie","Love, Rosie",https://www.imdb.com/title/tt1638002,Movie,7.1,102,2014,"Comedy, Romance",168598,"2014-10-17","Christian Ditter"
tt10545296,6,2026-04-23,"The Hunger Games: The Ballad of Songbirds & Snakes","The Hunger Games: The Ballad of Songbirds & Snakes",https://www.imdb.com/title/tt10545296,Movie,6.6,157,2023,"Action, Adventure, Sci-Fi, Drama, Thriller, War",183346,"2023-11-17","Francis Lawrence"
tt2582846,4,2026-04-23,"The Fault in Our Stars","The Fault in Our Stars",https://www.imdb.com/title/tt2582846,Movie,7.6,126,2014,"Drama, Romance",424404,"2014-06-06","Josh Boone"
tt1670345,3,2026-04-23,"Now You See Me","Now You See Me",https://www.imdb.com/title/tt1670345,Movie,7.2,115,2013,"Thriller, Crime, Mystery",770570,"2013-05-31","Louis Leterrier"
tt1657865,1,2026-04-22,"Dear Zoe","Dear Zoe",https://www.imdb.com/title/tt1657865,Movie,5.9,94,2022,"Drama, Mystery, Romance",2195,"2022-11-04","Gren Wells"
tt1592873,2,2026-04-22,"LOL","LOL",https://www.imdb.com/title/tt1592873,Movie,4.4,97,2012,"Comedy, Drama, Romance",59929,"2012-03-01","Lisa Azuelos"
tt6472976,8,2026-04-22,"Five Feet Apart","Five Feet Apart",https://www.imdb.com/title/tt6472976,Movie,7.2,116,2019,"Drama, Romance",96807,"2019-03-15","Justin Baldoni"
tt2183014,6,2026-04-21,"Love at First Sight","Love at First Sight",https://www.imdb.com/title/tt2183014,Movie,6.8,91,2023,"Drama, Romance",42734,"2023-09-15","Vanessa Caswill"
tt1763303,5,2026-04-21,"The First Time","The First Time",https://www.imdb.com/title/tt1763303,Movie,6.8,95,2012,"Comedy, Romance, Drama",75670,"2013-02-07","Jonathan Kasdan"
tt0372532,4,2026-04-21,"The Wedding Date","The Wedding Date",https://www.imdb.com/title/tt0372532,Movie,6.1,90,2005,"Comedy, Romance",59241,"2005-02-04","Clare Kilner"
tt0433400,2,2026-04-21,"Just Friends","Just Friends",https://www.imdb.com/title/tt0433400,Movie,6.2,96,2005,"Comedy, Romance",135438,"2005-11-23","Roger Kumble"
tt1392170,8,2026-04-21,"The Hunger Games","The Hunger Games",https://www.imdb.com/title/tt1392170,Movie,7.2,142,2012,"Adventure, Sci-Fi, Thriller, Action",1081406,"2012-03-23","Gary Ross"
tt1655441,5,2026-04-21,"The Age of Adaline","The Age of Adaline",https://www.imdb.com/title/tt1655441,Movie,7.2,112,2015,"Romance, Drama, Fantasy",228724,"2015-04-24","Lee Toland Krieger"
tt1840309,5,2026-04-21,"Divergent","Divergent",https://www.imdb.com/title/tt1840309,Movie,6.6,139,2014,"Mystery, Sci-Fi, Adventure, Action, Drama",518338,"2014-03-21","Neil Burger"
tt1343092,7,2026-04-21,"The Great Gatsby","The Great Gatsby",https://www.imdb.com/title/tt1343092,Movie,7.2,143,2013,"Drama, Romance",642731,"2013-05-10","Baz Luhrmann"
tt0120338,5,2026-04-21,"Titanic","Titanic",https://www.imdb.com/title/tt0120338,Movie,8.0,194,1997,"Romance, Drama",1391822,"1997-12-19","James Cameron"
tt1517451,4,2026-04-21,"A Star Is Born","A Star Is Born",https://www.imdb.com/title/tt1517451,Movie,7.6,136,2018,"Drama, Romance, Music",448919,"2018-10-05","Bradley Cooper"
tt0783233,6,2026-04-21,"Atonement","Atonement",https://www.imdb.com/title/tt0783233,Movie,7.8,123,2007,"Drama, Romance, Mystery, War",328940,"2008-01-11","Joe Wright"
tt0114388,9,2026-04-21,"Sense and Sensibility","Sense and Sensibility",https://www.imdb.com/title/tt0114388,Movie,7.7,136,1995,"Drama, Romance",137435,"1996-01-26","Ang Lee"
tt2674426,6,2026-04-21,"Me Before You","Me Before You",https://www.imdb.com/title/tt2674426,Movie,7.4,110,2016,"Drama, Romance",334860,"2016-06-03","Thea Sharrock"
tt4925292,8,2026-04-21,"Lady Bird","Lady Bird",https://www.imdb.com/title/tt4925292,Movie,7.4,94,2017,"Comedy, Drama",363738,"2017-12-01","Greta Gerwig"
tt1675434,7,2026-04-20,"The Intouchables","Intouchables",https://www.imdb.com/title/tt1675434,Movie,8.5,112,2011,"Comedy, Drama",1026883,"2011-11-02","Olivier Nakache,Éric Toledano"
tt4481414,7,2026-04-20,"Gifted","Gifted",https://www.imdb.com/title/tt4481414,Movie,7.6,101,2017,"Drama",158968,"2017-04-12","Marc Webb"
tt1727824,3,2026-04-20,"Bohemian Rhapsody","Bohemian Rhapsody",https://www.imdb.com/title/tt1727824,Movie,7.9,134,2018,"Biography, Drama, Music",645739,"2018-11-02","Bryan Singer"
tt2980516,2,2026-04-20,"The Theory of Everything","The Theory of Everything",https://www.imdb.com/title/tt2980516,Movie,7.7,123,2014,"Drama, Biography, Romance",507724,"2014-11-26","James Marsh"
tt2361509,4,2026-04-20,"The Intern","The Intern",https://www.imdb.com/title/tt2361509,Movie,7.1,121,2015,"Comedy, Drama",309202,"2015-09-25","Nancy Meyers"
tt4276820,3,2026-04-20,"The Founder","The Founder",https://www.imdb.com/title/tt4276820,Movie,7.2,115,2016,"Biography, Drama",204971,"2017-01-20","John Lee Hancock"
tt1454029,9,2026-04-20,"The Help","The Help",https://www.imdb.com/title/tt1454029,Movie,8.1,146,2011,"Drama",528297,"2011-08-10","Tate Taylor"
tt0878804,5,2026-04-20,"The Blind Side","The Blind Side",https://www.imdb.com/title/tt0878804,Movie,7.6,129,2009,"Drama, Sport, Biography",386970,"2009-11-20","John Lee Hancock"
tt4846340,9,2026-04-20,"Hidden Figures","Hidden Figures",https://www.imdb.com/title/tt4846340,Movie,7.8,127,2016,"Drama, History, Biography",289040,"2017-01-06","Theodore Melfi"
tt4900148,3,2026-04-20,"Elio","Elio",https://www.imdb.com/title/tt4900148,Movie,6.6,98,2025,"Animation, Drama, Adventure, Family, Fantasy, Comedy, Sci-Fi",44614,"2025-06-20","Adrian Molina,Madeline Sharafian,Domee Shi"
tt2854926,2,2026-04-20,"Tag","Tag",https://www.imdb.com/title/tt2854926,Movie,6.5,100,2018,"Comedy, Action",161314,"2018-06-15","Jeff Tomsic"
tt1637725,1,2026-04-20,"Ted","Ted",https://www.imdb.com/title/tt1637725,Movie,6.9,106,2012,"Comedy",709898,"2012-06-29","Seth MacFarlane"
tt0357413,6,2026-04-20,"Anchorman: The Legend of Ron Burgundy","Anchorman: The Legend of Ron Burgundy",https://www.imdb.com/title/tt0357413,Movie,7.1,94,2004,"Comedy",401444,"2004-07-09","Adam McKay"
tt0405422,5,2026-04-20,"The 40-Year-Old Virgin","The 40 Year Old Virgin",https://www.imdb.com/title/tt0405422,Movie,7.1,116,2005,"Comedy, Romance",501230,"2005-08-19","Judd Apatow"
tt2085059,9,2026-04-20,"Black Mirror","Black Mirror",https://www.imdb.com/title/tt2085059,TV Series,8.7,60,2011,"Drama, Thriller, Sci-Fi, Mystery, Crime",737119,"2011-12-04",
tt4574334,6,2026-04-20,"Stranger Things","Stranger Things",https://www.imdb.com/title/tt4574334,TV Series,8.6,60,2016,"Drama, Horror, Thriller, Sci-Fi, Mystery, Fantasy",1697790,"2016-07-15",
tt1442437,8,2026-04-20,"Modern Family","Modern Family",https://www.imdb.com/title/tt1442437,TV Series,8.5,22,2009,"Comedy, Romance, Drama",539408,"2009-09-23",
tt0108778,8,2026-04-20,"Friends","Friends",https://www.imdb.com/title/tt0108778,TV Series,8.8,22,1994,"Romance, Comedy",1191476,"1994-09-22",
tt0386676,10,2026-04-20,"The Office","The Office",https://www.imdb.com/title/tt0386676,TV Series,9.0,22,2005,"Comedy",831450,"2005-03-24",
tt1723121,4,2026-04-20,"We're the Millers","We're the Millers",https://www.imdb.com/title/tt1723121,Movie,7.0,110,2013,"Comedy, Crime",524411,"2013-08-07","Rawson Marshall Thurber"
tt0172493,7,2026-04-20,"Girl, Interrupted","Girl, Interrupted",https://www.imdb.com/title/tt0172493,Movie,7.3,127,1999,"Biography, Drama",234726,"2000-01-14","James Mangold"
tt5580036,8,2026-04-20,"I, Tonya","I, Tonya",https://www.imdb.com/title/tt5580036,Movie,7.5,119,2017,"Biography, Drama, Sport, Comedy",261467,"2018-01-19","Craig Gillespie"
tt30268321,5,2026-04-20,"Eleanor the Great","Eleanor the Great",https://www.imdb.com/title/tt30268321,Movie,6.7,98,2025,"Drama, War",6773,"2025-09-26","Scarlett Johansson"
tt30096221,5,2026-04-19,"Ella McCay","Ella McCay",https://www.imdb.com/title/tt30096221,Movie,5.2,115,2025,"Comedy, Drama",6139,"2025-12-12","James L. Brooks"
tt0111161,4,2026-04-19,"The Shawshank Redemption","The Shawshank Redemption",https://www.imdb.com/title/tt0111161,Movie,9.3,142,1994,"Drama",3186758,"1994-10-14","Frank Darabont"
tt0113442,7,2026-04-19,"It Takes Two","It Takes Two",https://www.imdb.com/title/tt0113442,Movie,6.0,101,1995,"Romance, Family, Comedy",28218,"1995-11-17","Andy Tennant"
tt0165598,6,2026-04-19,"That '70s Show","That '70s Show",https://www.imdb.com/title/tt0165598,TV Series,8.1,22,1998,"Romance, Drama, Comedy",198621,"1998-08-23",
tt0397078,7,2026-04-19,"Just My Luck","Just My Luck",https://www.imdb.com/title/tt0397078,Movie,5.5,103,2006,"Comedy, Romance, Fantasy",65948,"2006-05-12","Donald Petrie"
tt1231287,2,2026-04-19,"Labor Pains","Labor Pains",https://www.imdb.com/title/tt1231287,Movie,4.9,89,2009,"Comedy, Romance",12669,"2009-06-19","Lara Shapiro"
tt1327801,6,2026-04-19,"Glee","Glee",https://www.imdb.com/title/tt1327801,TV Series,6.8,45,2009,"Musical, Comedy, Drama, Music",161435,"2009-05-19",
tt14715170,4,2026-04-19,"Falling for Christmas","Falling for Christmas",https://www.imdb.com/title/tt14715170,Movie,5.3,93,2022,"Comedy, Romance",33883,"2022-11-10","Janeen Damian"
tt5028340,7,2026-04-19,"Mary Poppins Returns","Mary Poppins Returns",https://www.imdb.com/title/tt5028340,Movie,6.6,130,2018,"Musical, Fantasy, Family, Comedy, Adventure, Music",100892,"2018-12-19","Rob Marshall"
tt0058331,7,2026-04-19,"Mary Poppins","Mary Poppins",https://www.imdb.com/title/tt0058331,Movie,7.8,139,1964,"Musical, Comedy, Family, Fantasy",198688,"1965-06-18","Robert Stevenson"
tt0107614,3,2026-04-19,"Mrs. Doubtfire","Mrs. Doubtfire",https://www.imdb.com/title/tt0107614,Movie,7.1,125,1993,"Family, Drama, Comedy",315933,"1993-11-24","Chris Columbus"
tt0087538,4,2026-04-19,"The Karate Kid","The Karate Kid",https://www.imdb.com/title/tt0087538,Movie,7.3,126,1984,"Drama, Sport, Family, Action",271173,"1984-06-22","John G. Avildsen"
tt6166392,3,2026-04-19,"Wonka","Wonka",https://www.imdb.com/title/tt6166392,Movie,6.9,116,2023,"Musical, Comedy, Adventure, Family, Fantasy",193356,"2023-12-15","Paul King"
tt0319343,3,2026-04-19,"Elf","Elf",https://www.imdb.com/title/tt0319343,Movie,7.1,97,2003,"Family, Fantasy, Romance, Adventure, Comedy",346655,"2003-11-07","Jon Favreau"
tt0367594,7,2026-04-19,"Charlie and the Chocolate Factory","Charlie and the Chocolate Factory",https://www.imdb.com/title/tt0367594,Movie,6.7,115,2005,"Musical, Adventure, Comedy, Family, Fantasy",571152,"2005-07-15","Tim Burton"
tt0067992,4,2026-04-19,"Willy Wonka & the Chocolate Factory","Willy Wonka & the Chocolate Factory",https://www.imdb.com/title/tt0067992,Movie,7.8,100,1971,"Musical, Family, Adventure, Comedy, Fantasy",245189,"1971-06-30","Mel Stuart"
tt0350261,4,2026-04-19,"An Unfinished Life","An Unfinished Life",https://www.imdb.com/title/tt0350261,Movie,7.0,108,2005,"Romance, Family, Drama",36153,"2005-09-16","Lasse Hallström"
tt0268380,7,2026-04-19,"Ice Age","Ice Age",https://www.imdb.com/title/tt0268380,Movie,7.5,81,2002,"Animation, Adventure, Comedy, Family",564470,"2002-03-15","Chris Wedge,Carlos Saldanha"
tt1586265,6,2026-04-19,"What to Expect When You're Expecting","What to Expect When You're Expecting",https://www.imdb.com/title/tt1586265,Movie,5.7,110,2012,"Comedy, Drama, Romance",78159,"2012-05-18","Kirk Jones"
tt23724682,3,2026-04-19,"Outcome","Outcome",https://www.imdb.com/title/tt23724682,Movie,4.5,83,2026,"Crime, Mystery, Thriller, Drama, Comedy",8364,"2026-04-10","Jonah Hill"
tt0338348,6,2026-04-18,"The Polar Express","The Polar Express",https://www.imdb.com/title/tt0338348,Movie,6.6,100,2004,"Animation, Musical, Adventure, Family, Fantasy",271216,"2004-11-10","Robert Zemeckis"
tt1282140,3,2026-04-18,"Easy A","Easy A",https://www.imdb.com/title/tt1282140,Movie,7.0,92,2010,"Comedy, Romance, Drama",443579,"2010-09-17","Will Gluck"
tt0315327,5,2026-04-18,"Bruce Almighty","Bruce Almighty",https://www.imdb.com/title/tt0315327,Movie,6.8,101,2003,"Fantasy, Comedy",470007,"2003-05-23","Tom Shadyac"
tt0475293,4,2026-04-18,"High School Musical","High School Musical",https://www.imdb.com/title/tt0475293,TV Movie,5.7,98,2006,"Musical, Comedy, Family, Romance, Drama, Music",105254,"2006-01-20","Kenny Ortega"
tt1587310,7,2026-04-18,"Maleficent","Maleficent",https://www.imdb.com/title/tt1587310,Movie,6.9,97,2014,"Fantasy, Adventure, Family, Romance, Drama",424224,"2014-05-30","Robert Stromberg"
tt0361467,8,2026-04-18,"Confessions of a Teenage Drama Queen","Confessions of a Teenage Drama Queen",https://www.imdb.com/title/tt0361467,Movie,4.8,89,2004,"Comedy, Family, Romance, Music",33656,"2004-02-20","Sara Sugarman"
tt0117008,8,2026-04-18,"Matilda","Matilda",https://www.imdb.com/title/tt0117008,Movie,7.0,98,1996,"Family, Comedy, Fantasy",195590,"1996-08-02","Danny DeVito"
tt0368933,2,2026-04-18,"The Princess Diaries 2: Royal Engagement","The Princess Diaries 2: Royal Engagement",https://www.imdb.com/title/tt0368933,Movie,5.9,113,2004,"Comedy, Family, Romance",97314,"2004-08-11","Garry Marshall"
tt0356470,8,2026-04-18,"A Cinderella Story","A Cinderella Story",https://www.imdb.com/title/tt0356470,Movie,6.0,95,2004,"Romance, Family, Comedy",102004,"2004-07-16","Mark Rosman"
tt0247638,3,2026-04-18,"The Princess Diaries","The Princess Diaries",https://www.imdb.com/title/tt0247638,Movie,6.4,115,2001,"Romance, Comedy, Family",182074,"2001-08-03","Garry Marshall"
tt0120783,7,2026-04-18,"The Parent Trap","The Parent Trap",https://www.imdb.com/title/tt0120783,Movie,6.7,128,1998,"Adventure, Drama, Romance, Family, Comedy",173551,"1998-07-29","Nancy Meyers"
tt31956415,3,2026-04-18,"Freakier Friday","Freakier Friday",https://www.imdb.com/title/tt31956415,Movie,6.2,110,2025,"Comedy, Family, Fantasy",38735,"2025-08-08","Nisha Ganatra"
tt0322330,7,2026-04-18,"Freaky Friday","Freaky Friday",https://www.imdb.com/title/tt0322330,Movie,6.4,97,2003,"Fantasy, Family, Music, Romance, Comedy",177429,"2003-08-06","Mark Waters"
tt0126029,6,2026-04-18,"Shrek","Shrek",https://www.imdb.com/title/tt0126029,Movie,7.9,90,2001,"Animation, Fantasy, Comedy, Family, Adventure, Romance",810570,"2001-05-18","Andrew Adamson,Vicky Jenson"
tt2096673,5,2026-04-18,"Inside Out","Inside Out",https://www.imdb.com/title/tt2096673,Movie,8.1,95,2015,"Animation, Comedy, Family, Adventure, Drama, Fantasy",914542,"2015-06-19","Pete Docter,Ronnie Del Carmen"
tt1323594,8,2026-04-18,"Despicable Me","Despicable Me",https://www.imdb.com/title/tt1323594,Movie,7.6,95,2010,"Animation, Family, Comedy, Sci-Fi, Crime, Adventure",632428,"2010-07-09","Pierre Coffin,Chris Renaud"
tt1772341,3,2026-04-18,"Wreck-It Ralph","Wreck-It Ralph",https://www.imdb.com/title/tt1772341,Movie,7.7,101,2012,"Animation, Comedy, Family, Adventure, Fantasy, Sci-Fi, Sport",498457,"2012-11-02","Rich Moore"
tt2294629,6,2026-04-18,"Frozen","Frozen",https://www.imdb.com/title/tt2294629,Movie,7.4,102,2013,"Animation, Musical, Family, Fantasy, Adventure, Comedy",713028,"2013-11-27","Chris Buck,Jennifer Lee"
tt3521164,5,2026-04-18,"Moana","Moana",https://www.imdb.com/title/tt3521164,Movie,7.6,107,2016,"Animation, Musical, Adventure, Family, Comedy, Fantasy",440628,"2016-11-23","Ron Clements,John Musker,Don Hall,Chris Williams"
tt1217209,8,2026-04-18,"Brave","Brave",https://www.imdb.com/title/tt1217209,Movie,7.1,93,2012,"Animation, Adventure, Fantasy, Family, Comedy, Drama, Mystery, Action",478908,"2012-06-22","Mark Andrews,Brenda Chapman,Steve Purcell"
tt0398286,7,2026-04-18,"Tangled","Tangled",https://www.imdb.com/title/tt0398286,Movie,7.7,100,2010,"Animation, Musical, Family, Comedy, Fantasy, Romance, Adventure",544973,"2010-11-24","Nathan Greno,Byron Howard"
tt5421602,10,2026-04-18,"Anne with an E","Anne with an E",https://www.imdb.com/title/tt5421602,TV Series,8.6,60,2017,"Drama, Family",80724,"2017-05-12",
tt6652708,4,2026-04-18,"God's Not Dead: A Light in Darkness","God's Not Dead: A Light in Darkness",https://www.imdb.com/title/tt6652708,Movie,4.5,105,2018,"Drama",5090,"2018-03-30","Michael Mason"
tt4824308,8,2026-04-18,"God's Not Dead 2","God's Not Dead 2",https://www.imdb.com/title/tt4824308,Movie,4.4,120,2016,"Drama",14305,"2016-04-01","Harold Cronk"
tt0850667,9,2026-04-18,"Faith Like Potatoes","Faith Like Potatoes",https://www.imdb.com/title/tt0850667,Movie,6.7,116,2006,"Drama",3737,"2006-10-27","Regardt van den Bergh"
tt2528814,9,2026-04-18,"God's Not Dead","God's Not Dead",https://www.imdb.com/title/tt2528814,Movie,4.6,113,2014,"Drama, Romance",46875,"2014-03-21","Harold Cronk"
tt0425027,9,2026-04-18,"Flywheel","Flywheel",https://www.imdb.com/title/tt0425027,Movie,6.7,120,2003,"Drama",4933,"2003-07-25","Alex Kendrick"
tt1630036,9,2026-04-18,"Courageous","Courageous",https://www.imdb.com/title/tt1630036,Movie,6.9,129,2011,"Drama",22718,"2011-09-30","Alex Kendrick"
tt3832914,8,2026-04-18,"War Room","War Room",https://www.imdb.com/title/tt3832914,Movie,6.5,120,2015,"Drama",17629,"2015-08-28","Alex Kendrick"
tt1596346,7,2026-04-18,"Soul Surfer","Soul Surfer",https://www.imdb.com/title/tt1596346,Movie,7.0,112,2011,"Drama, Sport, Biography, Family",55695,"2011-04-08","Sean McNamara"
tt8186318,7,2026-04-18,"Overcomer","Overcomer",https://www.imdb.com/title/tt8186318,Movie,6.7,119,2019,"Drama, Sport, Family",6659,"2019-08-23","Alex Kendrick"
tt26731216,9,2026-04-18,"The Forge","The Forge",https://www.imdb.com/title/tt26731216,Movie,6.8,124,2024,"Drama, Family",6101,"2024-08-23","Alex Kendrick"
tt0099487,6,2026-04-18,"Edward Scissorhands","Edward Scissorhands",https://www.imdb.com/title/tt0099487,Movie,7.8,105,1990,"Drama, Romance, Fantasy",564996,"1990-12-14","Tim Burton"
tt0108550,7,2026-04-18,"What's Eating Gilbert Grape","What's Eating Gilbert Grape",https://www.imdb.com/title/tt0108550,Movie,7.7,118,1993,"Drama",269961,"1994-03-04","Lasse Hallström"
tt2567026,6,2026-04-18,"Alice Through the Looking Glass","Alice Through the Looking Glass",https://www.imdb.com/title/tt2567026,Movie,6.2,113,2016,"Animation, Adventure, Family, Fantasy, Mystery",134683,"2016-05-27","James Bobin"
tt3315342,8,2026-04-18,"Logan","Logan",https://www.imdb.com/title/tt3315342,Movie,8.1,137,2017,"Action, Sci-Fi, Drama, Thriller",925642,"2017-03-03","James Mangold"
tt1877832,7,2026-04-18,"X-Men: Days of Future Past","X-Men: Days of Future Past",https://www.imdb.com/title/tt1877832,Movie,7.9,132,2014,"Action, Sci-Fi, Thriller, Adventure",787860,"2014-05-23","Bryan Singer"
tt2446980,4,2026-04-18,"Joy","Joy",https://www.imdb.com/title/tt2446980,Movie,6.6,124,2015,"Drama, Biography",152400,"2015-12-25","David O. Russell"
tt3385516,7,2026-04-18,"X-Men: Apocalypse","X-Men: Apocalypse",https://www.imdb.com/title/tt3385516,Movie,6.8,144,2016,"Sci-Fi, Action, Adventure",492131,"2016-05-27","Bryan Singer"
tt11286314,6,2026-04-18,"Don't Look Up","Don't Look Up",https://www.imdb.com/title/tt11286314,Movie,7.1,138,2021,"Comedy, Drama, Sci-Fi",670908,"2021-12-24","Adam McKay"
tt15671028,3,2026-04-18,"No Hard Feelings","No Hard Feelings",https://www.imdb.com/title/tt15671028,Movie,6.3,103,2023,"Comedy, Romance",215852,"2023-06-23","Gene Stupnitsky"
tt1045658,7,2026-04-18,"Silver Linings Playbook","Silver Linings Playbook",https://www.imdb.com/title/tt1045658,Movie,7.7,122,2012,"Comedy, Drama, Romance",773295,"2012-12-25","David O. Russell"
tt1126590,3,2026-04-18,"Big Eyes","Big Eyes",https://www.imdb.com/title/tt1126590,Movie,6.9,106,2014,"Drama, Biography, Romance, Crime",104632,"2014-12-25","Tim Burton"
tt2962876,3,2026-04-18,"The Road Within","The Road Within",https://www.imdb.com/title/tt2962876,Movie,7.0,100,2014,"Comedy, Drama, Adventure",17076,"2015-06-04","Gren Wells"
tt8543390,8,2026-04-18,"Modern Love","Modern Love",https://www.imdb.com/title/tt8543390,TV Series,7.9,30,2019,"Comedy, Romance, Drama",40189,"2019-10-18",
tt1010048,7,2026-04-18,"Slumdog Millionaire","Slumdog Millionaire",https://www.imdb.com/title/tt1010048,Movie,8.0,120,2008,"Drama, Romance, Crime",910125,"2008-12-25","Danny Boyle,Loveleen Tandan"
tt0840196,7,2026-04-18,"Skins","Skins",https://www.imdb.com/title/tt0840196,TV Series,8.2,46,2007,"Drama",100481,"2011-01-17",
tt3741834,9,2026-04-18,"Lion","Lion",https://www.imdb.com/title/tt3741834,Movie,8.0,118,2016,"Drama, Biography",266489,"2017-01-06","Garth Davis"
tt0787524,4,2026-04-18,"The Man Who Knew Infinity","The Man Who Knew Infinity",https://www.imdb.com/title/tt0787524,Movie,7.2,108,2015,"Drama, Biography",66810,"2016-04-29","Matt Brown"
tt0367859,3,2026-04-18,"The Man Who Copied","O Homem que Copiava",https://www.imdb.com/title/tt0367859,Movie,7.6,124,2003,"Comedy, Crime, Drama, Romance",12702,"2003-06-13","Jorge Furtado"
tt1645170,3,2026-04-18,"The Dictator","The Dictator",https://www.imdb.com/title/tt1645170,Movie,6.5,83,2012,"Comedy",367405,"2012-05-16","Larry Charles"
tt27131358,2,2026-04-18,"We Live in Time","We Live in Time",https://www.imdb.com/title/tt27131358,Movie,7.0,108,2024,"Drama, Romance",72177,"2024-10-18","John Crowley"
tt0829482,3,2026-04-17,"Superbad","Superbad",https://www.imdb.com/title/tt0829482,Movie,7.6,113,2007,"Comedy",693498,"2007-08-17","Greg Mottola"
tt0338013,5,2026-04-17,"Eternal Sunshine of the Spotless Mind","Eternal Sunshine of the Spotless Mind",https://www.imdb.com/title/tt0338013,Movie,8.3,108,2004,"Drama, Sci-Fi, Romance",1182415,"2004-03-19","Michel Gondry"
tt9362736,2,2026-04-17,"Die My Love","Die My Love",https://www.imdb.com/title/tt9362736,Movie,6.0,119,2025,"Thriller, Drama",43939,"2025-11-07","Lynne Ramsay"
tt3224458,9,2026-04-17,"A Beautiful Day in the Neighborhood","A Beautiful Day in the Neighborhood",https://www.imdb.com/title/tt3224458,Movie,7.2,109,2019,"Biography, Drama, Family",94237,"2019-11-22","Marielle Heller"
tt12300742,4,2026-04-16,"Bugonia","Bugonia",https://www.imdb.com/title/tt12300742,Movie,7.4,118,2025,"Sci-Fi, Comedy, Crime, Thriller",185362,"2025-10-31","Yorgos Lanthimos"
tt28479262,7,2026-04-16,"Sing Sing","Sing Sing",https://www.imdb.com/title/tt28479262,Movie,7.6,107,2023,"Drama",29493,"2024-08-02","Greg Kwedar"
tt35718349,3,2026-04-16,"Relationship Goals","Relationship Goals",https://www.imdb.com/title/tt35718349,Movie,4.7,93,2026,"Comedy, Romance",1422,"2026-02-04","Linda Mendoza"
tt0109686,1,2026-04-14,"Dumb and Dumber","Dumb and Dumber",https://www.imdb.com/title/tt0109686,Movie,7.3,107,1994,"Comedy",443902,"1994-12-16","Peter Farrelly,Bobby Farrelly"
tt0430304,1,2026-04-14,"Little Man","Little Man",https://www.imdb.com/title/tt0430304,Movie,4.6,98,2006,"Comedy, Crime",65828,"2006-07-14","Keenen Ivory Wayans"
tt0381707,3,2026-04-14,"White Chicks","White Chicks",https://www.imdb.com/title/tt0381707,Movie,5.9,109,2004,"Crime, Comedy",193289,"2004-06-23","Keenen Ivory Wayans"
tt0477051,1,2026-04-14,"Norbit","Norbit",https://www.imdb.com/title/tt0477051,Movie,4.3,102,2007,"Comedy, Romance",88405,"2007-02-09","Brian Robbins"
tt0317303,7,2026-04-14,"Daddy Day Care","Daddy Day Care",https://www.imdb.com/title/tt0317303,Movie,5.7,92,2003,"Family, Comedy",79328,"2003-05-09","Steve Carr"
tt6802400,5,2026-04-14,"Coming 2 America","Coming 2 America",https://www.imdb.com/title/tt6802400,Movie,5.3,110,2021,"Comedy, Music",81216,"2021-03-05","Craig Brewer"
tt0094898,8,2026-04-14,"Coming to America","Coming to America",https://www.imdb.com/title/tt0094898,Movie,7.1,117,1988,"Romance, Comedy",240074,"1988-06-29","John Landis"
tt0279967,6,2026-04-14,"Mulan II","Mulan II",https://www.imdb.com/title/tt0279967,Video,5.6,79,2004,"Animation, Musical, Adventure, Fantasy, Comedy, Family",32997,"2004-11-15","Darrell Rooney,Lynne Southerland"
tt0094737,5,2026-04-14,"Big","Big",https://www.imdb.com/title/tt0094737,Movie,7.3,104,1988,"Drama, Romance, Comedy, Fantasy",260328,"1988-06-03","Penny Marshall"
tt7405458,6,2026-04-14,"A Man Called Otto","A Man Called Otto",https://www.imdb.com/title/tt7405458,Movie,7.5,126,2022,"Comedy, Drama",210716,"2023-01-13","Marc Forster"
tt0362227,9,2026-04-14,"The Terminal","The Terminal",https://www.imdb.com/title/tt0362227,Movie,7.4,128,2004,"Drama, Comedy, Romance",535288,"2004-06-18","Steven Spielberg"
tt0443295,8,2026-04-14,"Yours, Mine & Ours","Yours, Mine & Ours",https://www.imdb.com/title/tt0443295,Movie,5.5,88,2005,"Comedy, Romance, Family",32549,"2005-11-23","Raja Gosnell"
tt27847051,1,2026-04-14,"The Secret Agent","O Agente Secreto",https://www.imdb.com/title/tt27847051,Movie,7.2,161,2025,"Drama, Thriller, Crime, Mystery",53835,"2025-11-06","Kleber Mendonça Filho"
tt39389429,7,2026-04-13,"Hannah Montana 20th Anniversary Special","Hannah Montana 20th Anniversary Special",https://www.imdb.com/title/tt39389429,TV Special,6.4,60,2026,"Documentary, Talk-Show, Music, Family",1705,"2026-03-24","Sam Wrench"
tt1114677,7,2026-04-13,"Hannah Montana: The Movie","Hannah Montana: The Movie",https://www.imdb.com/title/tt1114677,Movie,4.8,102,2009,"Comedy, Music, Family, Drama, Romance",49148,"2009-04-10","Peter Chelsom"
tt0493093,5,2026-04-13,"Hannah Montana","Hannah Montana",https://www.imdb.com/title/tt0493093,TV Series,5.5,25,2006,"Family, Comedy, Music",47524,"2006-03-24",
tt27613895,1,2026-04-13,"GOAT","Goat",https://www.imdb.com/title/tt27613895,Movie,6.7,100,2026,"Animation, Sport, Adventure, Comedy, Family, Action",17687,"2026-02-13","Tyree Dillihay,Adam Rosette"
tt32897959,2,2026-04-13,"Wuthering Heights","Wuthering Heights",https://www.imdb.com/title/tt32897959,Movie,6.1,136,2026,"Drama, Romance",67161,"2026-02-13","Emerald Fennell"
tt7713068,3,2026-04-12,"Birds of Prey and the Fantabulous Emancipation of One Harley Quinn","Birds of Prey (and the Fantabulous Emancipation of One Harley Quinn)",https://www.imdb.com/title/tt7713068,Movie,6.1,109,2020,"Action, Crime, Comedy",282326,"2020-02-07","Cathy Yan"
tt1517268,7,2026-04-12,"Barbie","Barbie",https://www.imdb.com/title/tt1517268,Movie,6.8,114,2023,"Comedy, Adventure, Fantasy",672549,"2023-07-21","Greta Gerwig"
tt1386697,4,2026-04-12,"Suicide Squad","Suicide Squad",https://www.imdb.com/title/tt1386697,Movie,5.9,123,2016,"Action, Sci-Fi, Adventure, Fantasy",759353,"2016-08-05","David Ayer"
tt0458352,6,2026-04-12,"The Devil Wears Prada","The Devil Wears Prada",https://www.imdb.com/title/tt0458352,Movie,7.0,109,2006,"Drama, Comedy",544145,"2006-06-30","David Frankel"
tt3659388,9,2026-04-12,"The Martian","The Martian",https://www.imdb.com/title/tt3659388,Movie,8.0,144,2015,"Sci-Fi, Adventure, Drama",1012054,"2015-10-02","Ridley Scott"
tt7653254,7,2026-04-12,"Marriage Story","Marriage Story",https://www.imdb.com/title/tt7653254,Movie,7.9,137,2019,"Drama, Romance",371835,"2019-12-06","Noah Baumbach"
tt2372162,5,2026-04-12,"Orange Is the New Black","Orange Is the New Black",https://www.imdb.com/title/tt2372162,TV Series,8.0,60,2013,"Drama, Comedy, Crime",336221,"2013-07-11",
tt4477976,6,2026-04-12,"Superstore","Superstore",https://www.imdb.com/title/tt4477976,TV Series,7.9,22,2015,"Comedy",84291,"2015-11-30",
tt4955642,5,2026-04-12,"The Good Place","The Good Place",https://www.imdb.com/title/tt4955642,TV Series,8.2,22,2016,"Comedy, Fantasy, Romance, Drama, Mystery",220428,"2016-09-19",
tt26443616,2,2026-04-12,"Hoppers","Hoppers",https://www.imdb.com/title/tt26443616,Movie,7.4,104,2026,"Animation, Adventure, Comedy, Family, Sci-Fi",41935,"2026-03-06","Daniel Chong"
tt3045616,3,2026-04-12,"Mortdecai","Mortdecai",https://www.imdb.com/title/tt3045616,Movie,5.5,107,2015,"Action, Comedy, Mystery, Crime, Adventure",79968,"2015-01-23","David Koepp"
tt0109830,9,2026-04-12,"Forrest Gump","Forrest Gump",https://www.imdb.com/title/tt0109830,Movie,8.8,142,1994,"Romance, Drama",2495350,"1994-07-06","Robert Zemeckis"
tt2467372,9,2026-04-12,"Brooklyn Nine-Nine","Brooklyn Nine-Nine",https://www.imdb.com/title/tt2467372,TV Series,8.4,22,2013,"Comedy, Crime",416422,"2013-09-17",
tt8009428,9,2026-04-12,"Hustle","Hustle",https://www.imdb.com/title/tt8009428,Movie,7.3,117,2022,"Sport, Comedy, Drama",164311,"2022-06-08","Jeremiah Zagar"
tt0097814,4,2026-04-12,"Kiki's Delivery Service","Majo no takkyûbin",https://www.imdb.com/title/tt0097814,Movie,7.8,103,1989,"Animation, Family, Fantasy",188137,"1990-12-20","Hayao Miyazaki"
tt0876563,6,2026-04-12,"Ponyo","Gake no ue no Ponyo",https://www.imdb.com/title/tt0876563,Movie,7.6,101,2008,"Animation, Family, Fantasy, Adventure, Comedy",185244,"2009-08-14","Hayao Miyazaki"
tt1568921,5,2026-04-12,"The Secret World of Arrietty","Karigurashi no Arietti",https://www.imdb.com/title/tt1568921,Movie,7.6,94,2010,"Animation, Fantasy, Family, Adventure, Drama",117038,"2012-02-17","Hiromasa Yonebayashi"
tt1620833,4,2026-04-12,"Kiki's Delivery Service: Kiki & Jiji","Kiki's Delivery Service: Kiki & Jiji",https://www.imdb.com/title/tt1620833,Video,7.8,4,2010,"Documentary, Short",473,"2010-03-02",
tt1620902,6,2026-04-12,"My Neighbor Totoro: The Producer's Perspective: Creating Ghibli","My Neighbor Totoro: The Producer's Perspective: Creating Ghibli",https://www.imdb.com/title/tt1620902,Video,8.5,2,2010,"Documentary, Short",370,"2010-03-02",
tt0112508,6,2026-04-12,"Billy Madison","Billy Madison",https://www.imdb.com/title/tt0112508,Movie,6.4,89,1995,"Comedy",167610,"1995-02-10","Tamra Davis"
tt0116483,5,2026-04-12,"Happy Gilmore","Happy Gilmore",https://www.imdb.com/title/tt0116483,Movie,7.0,92,1996,"Sport, Comedy",307137,"1996-02-16","Dennis Dugan"
tt0185431,1,2026-04-12,"Little Nicky","Little Nicky",https://www.imdb.com/title/tt0185431,Movie,5.3,90,2000,"Comedy, Fantasy",119537,"2000-11-10","Steven Brill"
tt0302640,3,2026-04-12,"The Hot Chick","The Hot Chick",https://www.imdb.com/title/tt0302640,Movie,5.6,104,2002,"Fantasy, Comedy",110101,"2002-12-13","Tom Brady"
tt39716313,5,2026-04-12,"Anger Management: Deleted Scenes","Anger Management: Deleted Scenes",https://www.imdb.com/title/tt39716313,Video,6.2,10,2003,"Short, Comedy",46,"2003-12-23",
tt0371246,2,2026-04-12,"Spanglish","Spanglish",https://www.imdb.com/title/tt0371246,Movie,6.4,131,2004,"Comedy, Romance, Drama",92754,"2004-12-17","James L. Brooks"
tt0398165,3,2026-04-12,"The Longest Yard","The Longest Yard",https://www.imdb.com/title/tt0398165,Movie,6.4,113,2005,"Comedy, Sport, Crime",211285,"2005-05-27","Peter Segal"
tt0762107,4,2026-04-12,"I Now Pronounce You Chuck & Larry","I Now Pronounce You Chuck & Larry",https://www.imdb.com/title/tt0762107,Movie,5.9,115,2007,"Comedy, Romance",161066,"2007-07-20","Dennis Dugan"
tt0960144,1,2026-04-12,"You Don't Mess with the Zohan","You Don't Mess with the Zohan",https://www.imdb.com/title/tt0960144,Movie,5.6,113,2008,"Comedy, Action",227571,"2008-06-06","Dennis Dugan"
tt0960731,4,2026-04-12,"Bedtime Stories","Bedtime Stories",https://www.imdb.com/title/tt0960731,Movie,6.0,99,2008,"Comedy, Family, Fantasy, Romance, Adventure, Sci-Fi",106356,"2008-12-25","Adam Shankman"
tt1222817,5,2026-04-12,"Zookeeper","Zookeeper",https://www.imdb.com/title/tt1222817,Movie,5.2,102,2011,"Comedy, Romance, Family, Fantasy",69743,"2011-07-08","Frank Coraci"
tt1865769,4,2026-04-12,"Jessie","Jessie",https://www.imdb.com/title/tt1865769,TV Series,6.2,30,2011,"Comedy, Family, Drama",22006,"2011-09-30",
tt3203616,4,2026-04-12,"The Cobbler","The Cobbler",https://www.imdb.com/title/tt3203616,Movie,5.8,99,2014,"Comedy, Drama, Fantasy",65167,"2015-03-13","Tom McCarthy"
tt4769836,3,2026-04-12,"The Do-Over","The Do-Over",https://www.imdb.com/title/tt4769836,Movie,5.7,108,2016,"Comedy, Action, Adventure, Mystery",57099,"2016-05-27","Steven Brill"
tt5893332,8,2026-04-12,"Sandy Wexler","Sandy Wexler",https://www.imdb.com/title/tt5893332,Movie,5.3,130,2017,"Comedy, Drama, Music, Romance",20545,"2017-04-14","Steven Brill"
tt3741346,5,2026-04-12,"Real Rob","Real Rob",https://www.imdb.com/title/tt3741346,TV Series,6.2,30,2015,"Comedy",3385,"2015-12-01",
tt6821012,2,2026-04-12,"The Week Of","The Week Of",https://www.imdb.com/title/tt6821012,Movie,5.3,116,2018,"Comedy",26748,"2018-04-27","Robert Smigel"
tt5220122,3,2026-04-12,"Hotel Transylvania 3: Summer Vacation","Hotel Transylvania 3: Summer Vacation",https://www.imdb.com/title/tt5220122,Movie,6.3,97,2018,"Animation, Comedy, Fantasy, Family, Adventure, Romance, Horror, Thriller",99610,"2018-07-13","Genndy Tartakovsky"
tt10682266,4,2026-04-12,"Hubie Halloween","Hubie Halloween",https://www.imdb.com/title/tt10682266,Movie,5.3,103,2020,"Comedy, Mystery, Horror",68304,"2020-10-07","Steven Brill"
tt21276878,4,2026-04-12,"You Are So Not Invited to My Bat Mitzvah","You Are So Not Invited to My Bat Mitzvah",https://www.imdb.com/title/tt21276878,Movie,5.9,103,2023,"Comedy",28078,"2023-08-25","Sammi Cohen"
tt8526872,5,2026-04-12,"Dolemite Is My Name","Dolemite Is My Name",https://www.imdb.com/title/tt8526872,Movie,7.2,118,2019,"Biography, Drama, Comedy",68126,"2019-10-25","Craig Brewer"
tt5539052,5,2026-04-12,"The Polka King","The Polka King",https://www.imdb.com/title/tt5539052,Movie,6.0,95,2017,"Comedy, Biography, Drama, Music",12743,"2018-01-12","Maya Forbes"
tt0317705,9,2026-04-12,"The Incredibles","The Incredibles",https://www.imdb.com/title/tt0317705,Movie,8.0,115,2004,"Animation, Action, Adventure, Family",900327,"2004-11-05","Brad Bird"
tt0198781,4,2026-04-12,"Monsters, Inc.","Monsters, Inc.",https://www.imdb.com/title/tt0198781,Movie,8.1,92,2001,"Animation, Adventure, Comedy, Family, Fantasy",1074705,"2001-11-02","Pete Docter,David Silverman,Lee Unkrich"
tt0382932,6,2026-04-12,"Ratatouille","Ratatouille",https://www.imdb.com/title/tt0382932,Movie,8.1,111,2007,"Animation, Comedy, Family, Fantasy, Adventure",943295,"2007-06-29","Brad Bird,Jan Pinkava"
tt2024544,9,2026-04-12,"12 Years a Slave","12 Years a Slave",https://www.imdb.com/title/tt2024544,Movie,8.1,134,2013,"Drama, History, Biography",786606,"2013-11-08","Steve McQueen"
tt0096283,8,2026-04-12,"My Neighbor Totoro","Tonari no Totoro",https://www.imdb.com/title/tt0096283,Movie,8.1,86,1988,"Animation, Family, Comedy, Adventure, Fantasy",431174,"1990-07-13","Hayao Miyazaki"
tt2119532,9,2026-04-12,"Hacksaw Ridge","Hacksaw Ridge",https://www.imdb.com/title/tt2119532,Movie,8.1,139,2016,"Drama, War, History, Biography",680743,"2016-11-04","Mel Gibson"
tt29623480,6,2026-04-12,"The Wild Robot","The Wild Robot",https://www.imdb.com/title/tt29623480,Movie,8.2,102,2024,"Animation, Family, Adventure, Sci-Fi",223273,"2024-09-27","Chris Sanders"
tt0347149,9,2026-04-12,"Howl's Moving Castle","Hauru no ugoku shiro",https://www.imdb.com/title/tt0347149,Movie,8.2,119,2004,"Animation, Adventure, Family, Fantasy",511873,"2005-06-17","Hayao Miyazaki"
tt4729430,7,2026-04-12,"Klaus","Klaus",https://www.imdb.com/title/tt4729430,Movie,8.2,96,2019,"Animation, Adventure, Comedy, Family, Fantasy",236641,"2019-11-15","Sergio Pablos,Carlos Martínez López"
tt0266543,5,2026-04-12,"Finding Nemo","Finding Nemo",https://www.imdb.com/title/tt0266543,Movie,8.2,100,2003,"Animation, Family, Comedy, Adventure",1207101,"2003-05-30","Andrew Stanton,Lee Unkrich"
tt0993846,4,2026-04-12,"The Wolf of Wall Street","The Wolf of Wall Street",https://www.imdb.com/title/tt0993846,Movie,8.2,180,2013,"Crime, Drama, Biography, Comedy",1786502,"2013-12-25","Martin Scorsese"
tt1049413,8,2026-04-12,"Up","Up",https://www.imdb.com/title/tt1049413,Movie,8.3,96,2009,"Animation, Family, Adventure, Comedy, Drama",1235389,"2009-05-29","Pete Docter,Bob Peterson"
tt7286456,6,2026-04-12,"Joker","Joker",https://www.imdb.com/title/tt7286456,Movie,8.3,122,2019,"Crime, Drama, Thriller",1692663,"2019-10-04","Todd Phillips"
tt12042730,10,2026-04-12,"Project Hail Mary","Project Hail Mary",https://www.imdb.com/title/tt12042730,Movie,8.3,156,2026,"Sci-Fi, Adventure, Comedy",268512,"2026-03-20","Phil Lord,Christopher Miller"
tt5311514,5,2026-04-12,"Your Name.","Kimi no na wa.",https://www.imdb.com/title/tt5311514,Movie,8.4,106,2016,"Animation, Drama, Romance, Fantasy",392015,"2017-04-07","Makoto Shinkai"
tt2380307,6,2026-04-12,"Coco","Coco",https://www.imdb.com/title/tt2380307,Movie,8.4,105,2017,"Animation, Family, Adventure, Fantasy, Mystery, Music, Drama",706625,"2017-11-22","Lee Unkrich,Adrian Molina"
tt0910970,5,2026-04-12,"WALL·E","WALL·E",https://www.imdb.com/title/tt0910970,Movie,8.4,98,2008,"Animation, Sci-Fi, Adventure, Family",1320204,"2008-06-27","Andrew Stanton"
tt0110357,5,2026-04-12,"The Lion King","The Lion King",https://www.imdb.com/title/tt0110357,Movie,8.5,88,1994,"Animation, Musical, Drama, Adventure, Family",1258158,"1994-06-24","Roger Allers,Rob Minkoff"
tt6751668,6,2026-04-12,"Parasite","Gisaengchung",https://www.imdb.com/title/tt6751668,Movie,8.5,132,2019,"Drama, Thriller",1162637,"2019-11-08","Bong Joon Ho"
tt0088763,6,2026-04-12,"Back to the Future","Back to the Future",https://www.imdb.com/title/tt0088763,Movie,8.5,116,1985,"Comedy, Sci-Fi, Adventure",1452421,"1985-07-03","Robert Zemeckis"
tt0245429,9,2026-04-12,"Spirited Away","Sen to Chihiro no kamikakushi",https://www.imdb.com/title/tt0245429,Movie,8.6,124,2001,"Animation, Family, Adventure, Fantasy",966500,"2003-03-28","Hayao Miyazaki"
tt0457510,5,2026-04-10,"Nacho Libre","Nacho Libre",https://www.imdb.com/title/tt0457510,Movie,5.9,92,2006,"Comedy, Sport, Family",102127,"2006-06-16","Jared Hess"
tt0332379,7,2026-04-10,"School of Rock","School of Rock",https://www.imdb.com/title/tt0332379,Movie,7.2,109,2003,"Music, Comedy",358152,"2003-10-03","Richard Linklater"
tt0423977,5,2026-03-01,"Charlie Bartlett","Charlie Bartlett",https://www.imdb.com/title/tt0423977,Movie,6.9,97,2007,"Comedy, Drama, Romance",68211,"2008-02-22","Jon Poll"
tt1307068,6,2026-02-27,"Seeking a Friend for the End of the World","Seeking a Friend for the End of the World",https://www.imdb.com/title/tt1307068,Movie,6.7,101,2012,"Romance, Drama, Sci-Fi, Comedy, Adventure",123264,"2012-06-22","Lorene Scafaria"
tt1966359,4,2026-02-27,"Father Figures","Father Figures",https://www.imdb.com/title/tt1966359,Movie,5.5,113,2017,"Comedy, Drama",23636,"2017-12-22","Lawrence Sher"
tt0889573,8,2026-02-27,"The Switch","The Switch",https://www.imdb.com/title/tt0889573,Movie,6.1,101,2010,"Comedy, Romance, Drama",117558,"2010-08-20","Josh Gordon,Will Speck"
tt0785007,4,2026-02-27,"Over Her Dead Body","Over Her Dead Body",https://www.imdb.com/title/tt0785007,Movie,5.3,95,2008,"Comedy, Fantasy, Romance",26312,"2008-02-01","Jeff Lowell"
tt1226837,6,2026-02-23,"Beautiful Boy","Beautiful Boy",https://www.imdb.com/title/tt1226837,Movie,7.4,120,2018,"Drama, Biography",128528,"2018-10-25","Felix van Groeningen"
tt14905854,8,2026-02-23,"Hamnet","Hamnet",https://www.imdb.com/title/tt14905854,Movie,7.8,125,2025,"Biography, Drama, History, Romance",111676,"2025-12-05","Chloé Zhao"
tt31050594,8,2026-02-23,"Mercy","Mercy",https://www.imdb.com/title/tt31050594,Movie,6.2,99,2026,"Sci-Fi, Thriller, Action, Crime, Drama, Mystery",63184,"2026-01-23","Timur Bekmambetov"
tt6467266,5,2026-02-22,"Sing 2","Sing 2",https://www.imdb.com/title/tt6467266,Movie,7.3,110,2021,"Animation, Musical, Comedy, Family, Adventure",101094,"2021-12-22","Garth Jennings,Christophe Lourdelet"
tt3470600,5,2026-02-22,"Sing","Sing",https://www.imdb.com/title/tt3470600,Movie,7.1,108,2016,"Animation, Musical, Comedy, Family",212672,"2016-12-21","Garth Jennings,Christophe Lourdelet"
tt14205554,5,2026-02-22,"KPop Demon Hunters","K-Pop Demon Hunters",https://www.imdb.com/title/tt14205554,Movie,7.4,95,2025,"Animation, Musical, Action, Adventure, Fantasy, Music, Comedy, Family",133218,"2025-06-20","Chris Appelhans,Maggie Kang"
tt10756160,1,2026-02-22,"Teenage Girl: First Wheels","Teenage Girl: First Wheels",https://www.imdb.com/title/tt10756160,Movie,6.9,87,2020,"Comedy, Drama, Romance",68,"2023-02-28","Aaron Lee Lopez"
tt15367558,5,2026-02-22,"Daddy Daughter Trip","Daddy Daughter Trip",https://www.imdb.com/title/tt15367558,Movie,4.7,100,2022,"Comedy",1178,"2023-12-05","Rob Schneider,Andrés Aguilar"
tt0473389,7,2026-02-22,"The Ron Clark Story","The Ron Clark Story",https://www.imdb.com/title/tt0473389,TV Movie,7.6,90,2006,"Drama, Biography",16283,"2006-08-13","Randa Haines"
tt6263850,4,2026-02-22,"Deadpool & Wolverine","Deadpool & Wolverine",https://www.imdb.com/title/tt6263850,Movie,7.5,128,2024,"Action, Comedy, Sci-Fi, Adventure",567763,"2024-07-26","Shawn Levy"
tt26443597,8,2026-02-22,"Zootopia 2","Zootopia 2",https://www.imdb.com/title/tt26443597,Movie,7.4,108,2025,"Animation, Adventure, Comedy, Family, Mystery, Crime, Action",131173,"2025-11-26","Jared Bush,Byron Howard"
tt2948356,5,2026-02-22,"Zootopia","Zootopia",https://www.imdb.com/title/tt2948356,Movie,8.0,108,2016,"Animation, Crime, Action, Mystery, Adventure, Family, Comedy",635787,"2016-03-04","Byron Howard,Rich Moore,Jared Bush"
tt1605783,6,2026-02-21,"Midnight in Paris","Midnight in Paris",https://www.imdb.com/title/tt1605783,Movie,7.6,94,2011,"Comedy, Romance, Fantasy",471153,"2011-06-10","Woody Allen"
tt0816692,5,2026-02-21,"Interstellar","Interstellar",https://www.imdb.com/title/tt0816692,Movie,8.7,169,2014,"Sci-Fi, Adventure, Drama",2526490,"2014-11-07","Christopher Nolan"
tt10655524,3,2026-02-21,"It Ends with Us","It Ends with Us",https://www.imdb.com/title/tt10655524,Movie,6.3,130,2024,"Drama, Romance",101142,"2024-08-09","Justin Baldoni"
tt0120382,9,2026-02-21,"The Truman Show","The Truman Show",https://www.imdb.com/title/tt0120382,Movie,8.2,103,1998,"Comedy, Drama",1372152,"1998-06-05","Peter Weir"
tt0377092,6,2026-02-21,"Mean Girls","Mean Girls",https://www.imdb.com/title/tt0377092,Movie,7.1,97,2004,"Comedy",486536,"2004-04-30","Mark Waters"
tt0251127,5,2026-02-21,"How to Lose a Guy in 10 Days","How to Lose a Guy in 10 Days",https://www.imdb.com/title/tt0251127,Movie,6.5,116,2003,"Romance, Comedy",321744,"2003-02-07","Donald Petrie"
tt0332280,7,2026-02-21,"The Notebook","The Notebook",https://www.imdb.com/title/tt0332280,Movie,7.8,123,2004,"Romance, Drama",688814,"2004-06-25","Nick Cassavetes"
tt1659337,5,2026-02-21,"The Perks of Being a Wallflower","The Perks of Being a Wallflower",https://www.imdb.com/title/tt1659337,Movie,7.9,103,2012,"Drama",595948,"2012-10-12","Stephen Chbosky"
tt2194499,10,2026-02-20,"About Time","About Time",https://www.imdb.com/title/tt2194499,Movie,7.8,123,2013,"Drama, Fantasy, Romance, Comedy, Sci-Fi",433824,"2013-11-08","Richard Curtis"
tt15255288,4,2026-02-19,"Murder Mystery 2","Murder Mystery 2",https://www.imdb.com/title/tt15255288,Movie,5.7,89,2023,"Crime, Action, Mystery, Romance, Adventure, Comedy",83968,"2023-03-31","Jeremy Garelick"
tt31868189,4,2026-02-19,"Happy Gilmore 2","Happy Gilmore 2",https://www.imdb.com/title/tt31868189,Movie,6.1,114,2025,"Comedy, Sport",117854,"2025-07-25","Kyle Newacheck"
tt1618434,3,2026-02-19,"Murder Mystery","Murder Mystery",https://www.imdb.com/title/tt1618434,Movie,6.1,97,2019,"Mystery, Romance, Crime",190046,"2019-06-14","Kyle Newacheck"
tt2479478,4,2026-02-19,"The Ridiculous 6","The Ridiculous 6",https://www.imdb.com/title/tt2479478,Movie,4.9,119,2015,"Comedy, Western, Action, Adventure",58602,"2015-12-11","Frank Coraci"
tt2510894,5,2026-02-19,"Hotel Transylvania 2","Hotel Transylvania 2",https://www.imdb.com/title/tt2510894,Movie,6.6,89,2015,"Animation, Comedy, Family, Fantasy, Adventure, Horror, Thriller",162180,"2015-09-25","Genndy Tartakovsky"
tt0810913,8,2026-02-19,"Jack and Jill","Jack and Jill",https://www.imdb.com/title/tt0810913,Movie,3.3,91,2011,"Comedy, Family",96042,"2011-11-11","Dennis Dugan"
tt1086772,8,2026-02-19,"Blended","Blended",https://www.imdb.com/title/tt1086772,Movie,6.5,117,2014,"Comedy, Romance",157917,"2014-05-23","Frank Coraci"
tt2191701,5,2026-02-19,"Grown Ups 2","Grown Ups 2",https://www.imdb.com/title/tt2191701,Movie,5.4,101,2013,"Comedy",190999,"2013-07-12","Dennis Dugan"
tt0837562,7,2026-02-19,"Hotel Transylvania","Hotel Transylvania",https://www.imdb.com/title/tt0837562,Movie,7.0,91,2012,"Animation, Comedy, Family, Fantasy, Horror, Thriller",313721,"2012-09-28","Genndy Tartakovsky"
tt1232200,3,2026-02-19,"That's My Boy","That's My Boy",https://www.imdb.com/title/tt1232200,Movie,5.6,116,2012,"Comedy, Drama",121762,"2012-06-15","Sean Anders"
tt0343660,8,2026-02-19,"50 First Dates","50 First Dates",https://www.imdb.com/title/tt0343660,Movie,6.8,99,2004,"Drama, Romance, Comedy",414730,"2004-02-13","Peter Segal"
tt0389860,6,2026-02-19,"Click","Click",https://www.imdb.com/title/tt0389860,Movie,6.4,107,2006,"Comedy, Drama, Romance, Fantasy",387274,"2006-06-23","Frank Coraci"
tt1375670,7,2026-02-19,"Grown Ups","Grown Ups",https://www.imdb.com/title/tt1375670,Movie,6.0,102,2010,"Comedy",312836,"2010-06-25","Dennis Dugan"
tt1564367,7,2026-02-19,"Just Go with It","Just Go with It",https://www.imdb.com/title/tt1564367,Movie,6.4,117,2011,"Comedy, Romance",290074,"2011-02-11","Dennis Dugan"
tt0280590,7,2026-02-19,"Mr. Deeds","Mr. Deeds",https://www.imdb.com/title/tt0280590,Movie,5.8,96,2002,"Romance, Comedy",163873,"2002-06-28","Steven Brill"
tt0120888,4,2026-02-19,"The Wedding Singer","The Wedding Singer",https://www.imdb.com/title/tt0120888,Movie,6.9,97,1998,"Music, Romance, Comedy",173403,"1998-02-13","Frank Coraci"
tt0142342,8,2026-02-19,"Big Daddy","Big Daddy",https://www.imdb.com/title/tt0142342,Movie,6.5,93,1999,"Drama, Comedy",251675,"1999-06-25","Dennis Dugan"
tt0120484,5,2026-02-19,"The Waterboy","The Waterboy",https://www.imdb.com/title/tt0120484,Movie,6.2,90,1998,"Sport, Comedy",192019,"1998-11-06","Frank Coraci"
tt0147800,4,2026-02-19,"10 Things I Hate About You","10 Things I Hate About You",https://www.imdb.com/title/tt0147800,Movie,7.4,97,1999,"Drama, Romance, Comedy",449739,"1999-03-31","Gil Junger"
tt0414387,9,2026-02-19,"Pride & Prejudice","Pride & Prejudice",https://www.imdb.com/title/tt0414387,Movie,7.8,129,2005,"Romance, Drama",376491,"2005-11-23","Joe Wright"
tt8740790,5,2026-02-18,"Bridgerton","Bridgerton",https://www.imdb.com/title/tt8740790,TV Series,7.5,60,2020,"Drama, Romance",227986,"2020-12-25",
tt37969426,5,2026-02-18,"The Muppet Show","The Muppet Show",https://www.imdb.com/title/tt37969426,TV Special,8.0,32,2026,"Musical, Comedy, Family, Music",6249,"2026-02-04","Alex Timbers"
tt21940010,10,2026-02-18,"A Million Miles Away","A Million Miles Away",https://www.imdb.com/title/tt21940010,Movie,7.3,121,2023,"Drama, Biography",26297,"2023-09-15","Alejandra Márquez Abella"
tt1951266,4,2026-02-18,"The Hunger Games: Mockingjay - Part 2","The Hunger Games: Mockingjay - Part 2",https://www.imdb.com/title/tt1951266,Movie,6.6,137,2015,"Sci-Fi, Thriller, Adventure, Action",414082,"2015-11-20","Francis Lawrence"
tt1951265,4,2026-02-18,"The Hunger Games: Mockingjay - Part 1","The Hunger Games: Mockingjay - Part 1",https://www.imdb.com/title/tt1951265,Movie,6.6,123,2014,"Sci-Fi, Adventure, Thriller, Action",546138,"2014-11-21","Francis Lawrence"
tt1951264,7,2026-02-18,"The Hunger Games: Catching Fire","The Hunger Games: Catching Fire",https://www.imdb.com/title/tt1951264,Movie,7.5,146,2013,"Sci-Fi, Thriller, Action, Adventure",773483,"2013-11-22","Francis Lawrence"
tt23770030,5,2026-02-18,"Memoir of a Snail","Memoir of a Snail",https://www.imdb.com/title/tt23770030,Movie,7.8,95,2024,"Animation, Drama",25396,"2025-07-29","Adam Elliot"
tt0118799,8,2026-02-18,"Life Is Beautiful","La vita è bella",https://www.imdb.com/title/tt0118799,Movie,8.6,116,1997,"Comedy, War, Romance, Drama",812567,"1997-12-20","Roberto Benigni"
tt0211915,8,2026-02-18,"Amélie","Le fabuleux destin d'Amélie Poulain",https://www.imdb.com/title/tt0211915,Movie,8.3,122,2001,"Romance, Comedy",839782,"2002-02-08","Jean-Pierre Jeunet"
tt33244668,5,2026-02-18,"Anaconda","Anaconda",https://www.imdb.com/title/tt33244668,Movie,5.5,99,2025,"Comedy, Action, Adventure",61001,"2025-12-25","Tom Gormican"
tt27543632,6,2026-02-18,"The Housemaid","The Housemaid",https://www.imdb.com/title/tt27543632,Movie,6.7,131,2025,"Thriller, Drama, Mystery",144811,"2025-12-19","Paul Feig"
tt30319503,2,2026-02-18,"Dìdi","Dìdi",https://www.imdb.com/title/tt30319503,Movie,7.3,93,2024,"Comedy, Drama",15963,"2024-08-16","Sean Wang"
tt4302938,10,2026-02-18,"Kubo and the Two Strings","Kubo and the Two Strings",https://www.imdb.com/title/tt4302938,Movie,7.7,101,2016,"Animation, Adventure, Family, Fantasy, Action",146745,"2016-08-19","Travis Knight"
